{
  "val": {
    "rule": {
      "accuracy": 0.6296296296296297,
      "precision": 0.0,
      "recall": 0.0,
      "f1": 0.0
    },
    "tfidf": {
      "accuracy": 0.9259259259259259,
      "precision": 0.8636363636363636,
      "recall": 0.95,
      "f1": 0.9047619047619048
    },
    "distilbert": {
      "accuracy": 0.9259259259259259,
      "precision": 0.9444444444444444,
      "recall": 0.85,
      "f1": 0.8947368421052632
    },
    "ensemble_majority": {
      "accuracy": 0.9074074074074074,
      "precision": 0.9411764705882353,
      "recall": 0.8,
      "f1": 0.8648648648648649
    }
  },
  "test": {
    "rule": {
      "accuracy": 0.49137931034482757,
      "precision": 1.0,
      "recall": 0.016666666666666666,
      "f1": 0.03278688524590164
    },
    "tfidf": {
      "accuracy": 0.8620689655172413,
      "precision": 0.9583333333333334,
      "recall": 0.7666666666666667,
      "f1": 0.8518518518518519
    },
    "distilbert": {
      "accuracy": 0.9137931034482759,
      "precision": 1.0,
      "recall": 0.8333333333333334,
      "f1": 0.9090909090909091
    },
    "ensemble_majority": {
      "accuracy": 0.8189655172413793,
      "precision": 1.0,
      "recall": 0.65,
      "f1": 0.7878787878787878
    }
  }
}