{
  "val": {
    "rule": {
      "accuracy": 0.4429916317991632,
      "precision": 0.7974947807933194,
      "recall": 0.15817805383022773,
      "f1": 0.26399447131997233
    },
    "tfidf": {
      "accuracy": 0.9495292887029289,
      "precision": 0.9505271695052717,
      "recall": 0.9706004140786749,
      "f1": 0.960458922351977
    },
    "distilbert": {
      "accuracy": 0.9707112970711297,
      "precision": 0.9779991697799917,
      "recall": 0.9755693581780538,
      "f1": 0.9767827529021559
    },
    "ensemble_majority": {
      "accuracy": 0.9660041841004184,
      "precision": 0.9863771817794806,
      "recall": 0.9594202898550724,
      "f1": 0.9727120067170445
    }
  },
  "test": {
    "rule": {
      "accuracy": 0.44941176470588234,
      "precision": 0.814663951120163,
      "recall": 0.16563146997929606,
      "f1": 0.27529249827942187
    },
    "tfidf": {
      "accuracy": 0.9469281045751634,
      "precision": 0.9445337620578779,
      "recall": 0.9730848861283644,
      "f1": 0.9585967774831735
    },
    "distilbert": {
      "accuracy": 0.9793464052287582,
      "precision": 0.9866666666666667,
      "recall": 0.9805383022774327,
      "f1": 0.9835929387331257
    },
    "ensemble_majority": {
      "accuracy": 0.9712418300653595,
      "precision": 0.9914712153518124,
      "recall": 0.9627329192546584,
      "f1": 0.976890756302521
    }
  }
}